<?xml version='1.0' encoding='UTF-8' ?>
<timeLogEntries>
  <time id="1" path="/BankProject/PSP0/Planning" start="@1600753075680" delta="35" />
  <time id="2" path="/BankProject/PSP0/Code" start="@1600755205767" delta="25" />
  <time id="3" path="/BankProject/PSP0/Planning" start="@1600912542223" delta="30" />
  <time id="4" path="/BankProject/PSP0/Planning" start="@1600999102981" delta="110" />
  <time id="5" path="/BankProject/PSP0/Planning" start="@1601011292475" delta="66" />
  <time id="6" path="/BankProject/PSP0/Design" start="@1601345760673" delta="26" />
  <time id="7" path="/BankProject/PSP0/Code" start="@1601347322176" delta="18" />
  <time id="8" path="/BankProject/PSP0/Design" start="@1601348434716" delta="204" />
  <time id="9" path="/BankProject/PSP0/Design" start="@1601438503677" delta="118" />
  <time id="10" path="/BankProject/PSP0/Design" start="@1601507110919" delta="2" />
  <time id="11" path="/BankProject/PSP0/Code" start="@1601507434339" delta="177" />
  <time id="12" path="/BankProject/PSP0/Test" start="@1601519877045" delta="97" />
  <time id="13" path="/BankProject/PSP0/Postmortem" start="@1601526103986" delta="19" />
</timeLogEntries>
