<?xml version='1.0' encoding='UTF-8' ?>
<timeLogEntries>
  <time id="55" path="/Sistema de Banco/PSP0/Code" start="@1601480362575" delta="93" interrupt="6" flag="A" />
  <time id="56" path="/Sistema de Banco/PSP0/Code" start="@1601495216104" delta="45" flag="A" />
  <time id="57" path="/Sistema de Banco/PSP0/Code" start="@1601503359081" delta="205" flag="A" />
  <time id="58" path="/Sistema de Banco/PSP0/Compile" start="@1601516334158" delta="24" flag="A" />
  <time id="59" path="/Sistema de Banco/PSP0/Planning" start="@1601517799084" delta="95" flag="A" />
  <time id="60" path="/Sistema de Banco/PSP0/Compile" start="@1601525206938" delta="34" flag="A" />
  <time id="61" path="/Sistema de Banco/PSP0/Planning" start="@1601527274743" delta="1" flag="A" />
  <time id="62" path="/Sistema de Banco/PSP0/Design" start="@1601527275773" delta="1" flag="A" />
  <time id="63" path="/Sistema de Banco/PSP0/Code" start="@1601527276671" delta="1" flag="A" />
  <time id="64" path="/Sistema de Banco/PSP0/Test" start="@1601527277915" delta="1" flag="A" />
  <time id="65" path="/Sistema de Banco/PSP0/Postmortem" start="@1601527278616" flag="A" />
</timeLogEntries>
