<?xml version='1.0' encoding='UTF-8' ?>
<timeLogEntries>
  <time id="1" path="/Sistema de Banco/PSP0/Design" start="@1600748323194" delta="1" interrupt="16" />
  <time id="2" path="/Sistema de Banco/PSP0/Design" start="@1600812318069" delta="31" />
  <time id="3" path="/Sistema de Banco/PSP0/Design" start="@1600832103357" delta="4" />
  <time id="4" path="/Sistema de Banco/PSP0/Design" start="@1600833720183" delta="74" interrupt="16" />
  <time id="5" path="/Sistema de Banco/PSP0/Design" start="@1600839509896" delta="19" />
  <time id="6" path="/Sistema de Banco/PSP0/Design" start="@1600841485606" delta="21" />
  <time id="7" path="/Sistema de Banco/PSP0/Design" start="@1600893917403" delta="11" />
  <time id="8" path="/Sistema de Banco/PSP0/Code" start="@1600894737033" delta="2" />
  <time id="9" path="/Sistema de Banco/PSP0/Design" start="@1600894876387" delta="18" interrupt="3" />
  <time id="10" path="/Sistema de Banco/PSP0/Code" start="@1600896299709" delta="20" />
  <time id="11" path="/Sistema de Banco/PSP0/Code" start="@1600898183792" delta="3" />
  <time id="12" path="/Sistema de Banco/PSP0/Planning" start="@1600922724162" delta="16" />
  <time id="13" path="/Sistema de Banco/PSP0/Code" start="@1600977426772" delta="6" />
  <time id="14" path="/Sistema de Banco/PSP0/Planning" start="@1600978444654" delta="8" interrupt="5" />
  <time id="15" path="/Sistema de Banco/PSP0/Code" start="@1600979293534" delta="16" />
  <time id="16" path="/Sistema de Banco/PSP0/Compile" start="@1600982561871" delta="16" />
  <time id="17" path="/Sistema de Banco/PSP0/Planning" start="@1600983517290" delta="14" />
  <time id="18" path="/Sistema de Banco/PSP0/Planning" start="@1601005752364" delta="44" />
  <time id="19" path="/Sistema de Banco/PSP0/Code" start="@1601008873922" delta="4" />
  <time id="20" path="/Sistema de Banco/PSP0/Compile" start="@1601009609331" delta="3" />
  <time id="21" path="/Sistema de Banco/PSP0/Planning" start="@1601009793596" delta="1" />
  <time id="22" path="/Sistema de Banco/PSP0/Design" start="@1601010698738" delta="10" />
  <time id="23" path="/Sistema de Banco/PSP0/Code" start="@1601011312027" delta="4" />
  <time id="24" path="/Sistema de Banco/PSP0/Design" start="@1601011574359" delta="3" />
  <time id="25" path="/Sistema de Banco/PSP0/Code" start="@1601011782149" delta="3" />
  <time id="26" path="/Sistema de Banco/PSP0/Design" start="@1601011958744" delta="8" />
  <time id="27" path="/Sistema de Banco/PSP0/Planning" start="@1601070331393" delta="6" />
  <time id="28" path="/Sistema de Banco/PSP0/Compile" start="@1601070680882" delta="3" />
  <time id="29" path="/Sistema de Banco/PSP0/Code" start="@1601085182155" delta="4" />
  <time id="30" path="/Sistema de Banco/PSP0/Design" start="@1601085436583" delta="2" />
  <time id="31" path="/Sistema de Banco/PSP0/Code" start="@1601085538164" delta="2" />
  <time id="32" path="/Sistema de Banco/PSP0/Compile" start="@1601085648927" delta="9" />
  <time id="33" path="/Sistema de Banco/PSP0/Code" start="@1601086621301" delta="8" />
  <time id="34" path="/Sistema de Banco/PSP0/Compile" start="@1601087087528" delta="5" />
  <time id="35" path="/Sistema de Banco/PSP0/Design" start="@1601090790209" delta="14" />
  <time id="36" path="/Sistema de Banco/PSP0/Code" start="@1601091933545" delta="3" interrupt="3" />
  <time id="37" path="/Sistema de Banco/PSP0/Compile" start="@1601092358188" delta="9" />
  <time id="38" path="/Sistema de Banco/PSP0/Planning" start="@1601093034623" delta="6" />
  <time id="39" path="/Sistema de Banco/PSP0/Compile" start="@1601093404376" delta="6" />
  <time id="40" path="/Sistema de Banco/PSP0/Code" start="@1601094195268" delta="3" />
  <time id="41" path="/Sistema de Banco/PSP0/Compile" start="@1601094382889" delta="3" />
  <time id="42" path="/Sistema de Banco/PSP0/Design" start="@1601094553639" delta="11" />
  <time id="43" path="/Sistema de Banco/PSP0/Compile" start="@1601095202620" delta="8" />
  <time id="44" path="/Sistema de Banco/PSP0/Planning" start="@1601095678563" delta="23" />
  <time id="45" path="/Sistema de Banco/PSP0/Code" start="@1601097062560" delta="29" />
  <time id="46" path="/Sistema de Banco/PSP0/Compile" start="@1601098802558" delta="5" />
  <time id="47" path="/Sistema de Banco/PSP0/Planning" start="@1601159334146" delta="3" />
  <time id="48" path="/Sistema de Banco/PSP0/Design" start="@1601159960199" delta="6" interrupt="3" />
  <time id="49" path="/Sistema de Banco/PSP0/Code" start="@1601170097304" delta="38" />
  <time id="50" path="/Sistema de Banco/PSP0/Code" start="@1601180797877" delta="34" />
  <time id="51" path="/Sistema de Banco/PSP0/Test" start="@1601418779775" delta="8" />
  <time id="52" path="/Sistema de Banco/PSP0/Code" start="@1601436608149" delta="6" interrupt="4" />
  <time id="53" path="/Sistema de Banco/PSP0/Design" start="@1601437236783" delta="21" />
  <time id="54" path="/Sistema de Banco/PSP0/Code" start="@1601438478786" delta="129" interrupt="8" />
</timeLogEntries>
