<?xml version='1.0' encoding='UTF-8' ?>
<timeLogEntries>
  <time id="1" path="/Proyecto" start="@1600830873000" />
  <time id="2" path="/BankControlSystem/PSP2.1/Planning" start="@1600908864618" delta="51" />
  <time id="3" path="/BankControlSystem/PSP2.1/Design" start="@1600911964813" delta="57" />
  <time id="4" path="/BankControlSystem/PSP2.1/Design Review" start="@1600971019849" delta="31" />
  <time id="5" path="/BankControlSystem/PSP2.1/Code" start="@1601409144392" delta="582" interrupt="60" />
  <time id="6" path="/BankControlSystem/PSP2.1/Code Review" start="@1601501447637" delta="40" />
  <time id="7" path="/BankControlSystem/PSP2.1/Test" start="@1601503830322" delta="15" />
  <time id="8" path="/BankControlSystem/PSP2.1/Test" start="@1601509072072" delta="84" />
  <time id="9" path="/BankControlSystem/PSP2.1/Postmortem" start="@1601525641428" delta="10" />
</timeLogEntries>
